Ngay_so,Ngay,Tham_chieu,San,Tran,So_lan_cham_san,So_lan_cham_tran,So_lan_bang_tham_chieu,So_lan_vuot_bien
1,01/01,10000.0,9000.0,11000.0,1,2,0,0
2,02/01,9000.0,8100.0,9900.0,1,3,0,0
3,03/01,8100.0,7290.0,8910.0,1,4,0,0
4,04/01,8910.0,8019.0,9801.0,0,2,0,0
5,05/01,9270.030229,8343.0272061,10197.0332519,3,1,0,0
6,06/01,9335.936236,8402.3426124,10269.529859600001,3,0,0,0
7,07/01,8402.342612,7562.1083508,9242.576873200002,3,1,0,0
8,08/01,7562.108351,6805.8975159,8318.319186100001,3,0,0,0
9,09/01,7605.963176,6845.366858400001,8366.559493600002,6,1,0,0
10,10/01,8366.559493,7529.903543700001,9203.215442300001,0,3,0,0
11,11/01,9203.215443,8282.8938987,10123.5369873,2,3,0,0
12,12/01,10123.536987,9111.1832883,11135.8906857,2,3,0,0
13,13/01,9111.183288,8200.0649592,10022.301616800001,2,2,0,0
14,14/01,8453.449748,7608.104773200001,9298.794722800001,0,2,0,0
15,15/01,8146.487253,7331.838527700001,8961.1359783,3,2,0,0
16,16/01,8961.135978,8065.0223802,9857.2495758,2,3,0,0
17,17/01,8357.016547,7521.3148923,9192.7182017,2,1,0,0
18,18/01,7880.420578,7092.3785202,8668.4626358,2,3,0,0
19,19/01,7837.255705,7053.5301345,8620.9812755,5,1,0,0
20,20/01,7053.530134,6348.177120599999,7758.8831474,3,2,0,0
21,21/01,6348.177121,5713.3594089,6982.9948331000005,2,4,0,0
22,22/01,6160.161682,5544.1455138,6776.177850200001,3,3,0,0
23,23/01,5544.145514,4989.7309626,6098.5600654,2,5,0,0
24,24/01,6098.560065,5488.7040584999995,6708.4160715,3,1,0,0
25,25/01,5488.704059,4939.8336530999995,6037.5744649,2,2,0,0
26,26/01,5818.109578,5236.2986202,6399.9205358,0,2,0,0
27,27/01,6380.4292,5742.38628,7018.47212,0,1,0,0
28,28/01,6846.434297,6161.7908673,7531.0777267,2,1,0,0
29,29/01,7315.340689,6583.8066201,8046.8747579,1,4,0,0
30,30/01,8046.874758,7242.1872822000005,8851.562233800001,1,3,0,0
31,31/01,8851.562234,7966.406010600001,9736.718457400002,4,1,0,0
32,01/02,8712.306448,7841.075803199999,9583.5370928,1,2,0,0
33,02/02,8088.329841,7279.4968569,8897.1628251,3,3,0,0
34,03/02,7474.522045,6727.0698405,8221.974249500001,3,2,0,0
35,04/02,7803.885104,7023.4965936,8584.273614400001,3,2,0,0
36,05/02,8095.047073,7285.5423657,8904.5517803,0,3,0,0
37,06/02,8477.582312,7629.824080800001,9325.340543200002,4,0,0,0
38,07/02,7629.824081,6866.8416729,8392.806489100001,1,2,0,0
39,08/02,8392.806489,7553.525840100001,9232.087137900002,3,0,0,0
40,09/02,7871.532311,7084.3790799,8658.6855421,4,2,0,0
41,10/02,7084.37908,6375.941172,7792.8169880000005,3,3,0,0
42,11/02,6375.941172,5738.3470548,7013.5352892,1,3,0,0
43,12/02,7013.535289,6312.1817601,7714.888817900001,2,2,0,0
44,13/02,7174.15806,6456.742254,7891.573866000001,4,0,0,0
45,14/02,6456.742254,5811.0680286,7102.416479400001,3,1,0,0
46,15/02,5811.068028,5229.9612252,6392.174830800001,2,3,0,0
47,16/02,6392.174831,5752.9573479,7031.3923141000005,3,1,0,0
48,17/02,7031.392314,6328.2530826,7734.5315454,3,2,0,0
49,18/02,7734.531546,6961.0783914,8507.9847006,0,2,0,0
50,19/02,7141.554481,6427.3990329,7855.7099291,5,1,0,0
51,20/02,6427.399033,5784.6591296999995,7070.1389363,2,3,0,0
52,21/02,5784.65913,5206.193217,6363.125043000001,3,3,0,0
53,22/02,6363.125043,5726.8125387,6999.437547300001,3,3,0,0
54,23/02,5726.812538,5154.131284200001,6299.4937918000005,1,2,0,0
55,24/02,5154.131284,4638.7181556000005,5669.5444124000005,1,3,0,0
56,25/02,5127.770606,4614.993545400001,5640.5476666,3,3,0,0
57,26/02,5640.547667,5076.4929003,6204.6024337,3,3,0,0
58,27/02,5076.4929,4568.84361,5584.1421900000005,1,3,0,0
59,28/02,4568.84361,4111.959249,5025.727971,2,0,0,0
60,01/03,4111.959249,3700.7633241000003,4523.155173900001,4,0,0,0
61,02/03,3700.763324,3330.6869916,4070.8396564000004,2,2,0,0
62,03/03,3632.935261,3269.6417349000003,3996.2287871000003,1,0,0,0
63,04/03,3669.093621,3302.1842589000003,4036.0029831,0,4,0,0
64,05/03,4036.002983,3632.4026847,4439.6032813,1,4,0,0
65,06/03,4439.603282,3995.6429538,4883.563610200001,2,4,0,0
66,07/03,3995.642954,3596.0786586,4395.2072494,4,2,0,0
67,08/03,4219.403338,3797.4630042000003,4641.3436718,2,2,0,0
68,09/03,4637.530335,4173.7773015,5101.2833685000005,1,4,0,0
69,10/03,5101.283368,4591.155031200001,5611.411704800001,3,2,0,0
70,11/03,5242.549211,4718.2942899,5766.8041321,1,3,0,0
71,12/03,5418.073701,4876.2663309,5959.881071100001,1,0,0,0
72,13/03,5207.807108,4687.0263972,5728.587818800001,3,1,0,0
73,14/03,4687.026397,4218.3237573,5155.7290367,2,2,0,0
74,15/03,5152.730838,4637.457754200001,5668.003921800001,1,3,0,0
75,16/03,4961.728181,4465.555362900001,5457.900999100001,0,4,0,0
76,17/03,5280.099793,4752.0898137,5808.109772300001,3,2,0,0
77,18/03,5082.718354,4574.4465186,5590.9901894,1,2,0,0
78,19/03,4755.940775,4280.3466975,5231.534852500001,1,5,0,0
79,20/03,5231.534853,4708.3813677,5754.6883383,3,3,0,0
80,21/03,5754.688338,5179.2195042,6330.1571718000005,2,1,0,0
81,22/03,5545.560946,4991.0048514,6100.1170406,1,2,0,0
82,23/03,5453.255293,4907.9297637,5998.5808223,5,1,0,0
83,24/03,4907.929764,4417.1367876,5398.7227404000005,2,0,0,0
84,25/03,4896.625682,4406.9631138,5386.2882502,3,3,0,0
85,26/03,5386.28825,4847.659425,5924.917075,1,3,0,0
86,27/03,5924.917075,5332.4253675,6517.408782500001,3,1,0,0
87,28/03,5800.132748,5220.1194732,6380.1460228000005,2,1,0,0
88,29/03,6048.679713,5443.8117417,6653.547684300001,1,1,0,0
89,30/03,6644.661119,5980.1950071,7309.1272309000005,4,1,0,0
90,31/03,5980.195007,5382.1755063,6578.2145077000005,2,2,0,0
91,01/04,5389.821183,4850.839064700001,5928.8033013,1,4,0,0
92,02/04,5928.803301,5335.9229709,6521.683631100001,1,4,0,0
93,03/04,6521.683631,5869.5152679,7173.8519941,2,1,0,0
94,04/04,7173.851994,6456.4667946,7891.2371934,1,3,0,0
95,05/04,6580.300318,5922.2702862,7238.3303498000005,4,0,0,0
96,06/04,5922.270286,5330.0432574,6514.4973146,1,5,0,0
97,07/04,6514.497315,5863.0475835,7165.9470465,1,3,0,0
98,08/04,6673.576806,6006.2191254,7340.934486600001,2,1,0,0
99,09/04,6006.219125,5405.5972125,6606.8410375,3,0,0,0
100,10/04,5405.597213,4865.0374917,5946.1569343,2,3,0,0
101,11/04,5064.136624,4557.7229615999995,5570.5502864,0,3,0,0
102,12/04,5570.550286,5013.4952574,6127.6053146,4,3,0,0
103,13/04,5013.495258,4512.1457322,5514.8447838,4,1,0,0
104,14/04,5256.464157,4730.8177413,5782.110572700001,1,2,0,0
105,15/04,5357.231055,4821.5079495,5892.9541605,2,4,0,0
106,16/04,4821.50795,4339.357155000001,5303.658745000001,2,3,0,0
107,17/04,5303.658745,4773.2928704999995,5834.0246195,2,2,0,0
108,18/04,5834.024619,5250.6221571,6417.4270809,2,2,0,0
109,19/04,5250.622157,4725.5599413,5775.6843727000005,2,2,0,0
110,20/04,4980.73284,4482.659556,5478.806124,4,0,0,0
111,21/04,5373.531856,4836.1786704,5910.8850416000005,1,4,0,0
112,22/04,5910.885041,5319.796536899999,6501.9735451,0,3,0,0
113,23/04,6497.849411,5848.0644699,7147.634352100001,1,3,0,0
114,24/04,7147.634353,6432.8709177,7862.397788300001,3,4,0,0
115,25/04,7862.397788,7076.1580092,8648.6375668,0,3,0,0
116,26/04,8648.637567,7783.7738103,9513.5013237,2,1,0,0
117,27/04,7783.77381,7005.396428999999,8562.151191,1,2,0,0
118,28/04,8562.151191,7705.936071900001,9418.366310100002,2,2,0,0
119,29/04,8738.826451,7864.943805900001,9612.709096100001,3,1,0,0
120,30/04,9437.400243,8493.6602187,10381.140267300001,2,1,0,0
121,01/05,8535.594294,7682.0348646,9389.1537234,4,2,0,0
122,02/05,7682.034864,6913.8313776,8450.2383504,2,2,0,0
123,03/05,7849.931781,7064.938602900001,8634.9249591,1,3,0,0
124,04/05,7064.938603,6358.4447427,7771.432463300001,1,2,0,0
125,05/05,7708.726024,6937.8534216,8479.5986264,2,2,0,0
126,06/05,8336.792238,7503.1130142,9170.471461800002,3,1,0,0
127,07/05,8380.576578,7542.5189202,9218.6342358,3,3,0,0
128,08/05,7542.51892,6788.267028,8296.770812,3,1,0,0
130,10/05,8967.524186,8070.7717674000005,9864.276604600002,3,1,0,0
131,11/05,8070.771767,7263.6945903000005,8877.8489437,2,3,0,0
132,12/05,7933.797205,7140.4174845,8727.1769255,2,3,0,0
133,13/05,7140.417485,6426.3757365,7854.459233500001,4,2,0,0
134,14/05,6426.375736,5783.7381624,7069.013309600001,2,2,0,0
135,15/05,5783.738163,5205.3643467,6362.111979300001,4,1,0,0
136,16/05,5205.364346,4684.827911400001,5725.900780600001,3,2,0,0
137,17/05,4684.827912,4216.3451208,5153.3107032,3,0,0,0
138,18/05,4359.198757,3923.2788813,4795.1186327000005,1,1,0,0
139,19/05,4192.446808,3773.2021271999997,4611.6914888,1,2,0,0
140,20/05,4010.056432,3609.0507887999997,4411.0620752,2,2,0,0
141,21/05,4411.062075,3969.9558675,4852.1682825,3,2,0,0
142,22/05,4180.724578,3762.6521202000004,4598.797035800001,1,4,0,0
143,23/05,4598.797036,4138.9173324,5058.6767396000005,4,1,0,0
144,24/05,4138.917332,3725.0255988,4552.8090652,0,3,0,0
145,25/05,4340.467273,3906.4205457000003,4774.514000300001,1,4,0,0
146,26/05,4774.514001,4297.0626009,5251.9654011,0,4,0,0
147,27/05,4847.585097,4362.8265873,5332.3436067,1,0,0,0
148,28/05,4915.310044,4423.7790396,5406.841048400001,6,0,0,0
149,29/05,4423.77904,3981.4011360000004,4866.156944000001,1,3,0,0
150,30/05,4189.971448,3770.9743032,4608.968592800001,1,2,0,0
151,31/05,4414.293185,3972.8638665000003,4855.722503500001,2,1,0,0
152,01/06,4510.790831,4059.7117479000003,4961.869914100001,3,2,0,0
153,02/06,4718.085581,4246.277022900001,5189.894139100001,2,1,0,0
154,03/06,5189.894139,4670.9047251,5708.883552900001,0,3,0,0
155,04/06,5708.883553,5137.9951977,6279.7719083,2,2,0,0
156,05/06,6279.771908,5651.7947171999995,6907.7490988,1,2,0,0
157,06/06,6907.749099,6216.974189099999,7598.5240089,2,2,0,0
158,07/06,7598.524009,6838.6716080999995,8358.3764099,3,1,0,0
159,08/06,8267.058311,7440.352479900001,9093.7641421,1,4,0,0
160,09/06,8211.323469,7390.191122100001,9032.455815900003,4,2,0,0
161,10/06,7680.701075,6912.6309675,8448.7711825,3,2,0,0
162,11/06,7634.245747,6870.8211723,8397.670321700001,0,5,0,0
163,12/06,7598.980052,6839.0820468,8358.878057200001,2,2,0,0
164,13/06,8209.899764,7388.9097876,9030.8897404,0,4,0,0
165,14/06,8150.617963,7335.5561667,8965.679759300001,2,1,0,0
166,15/06,7335.556166,6602.000549400001,8069.111782600001,2,3,0,0
167,16/06,8069.111783,7262.2006047,8876.022961300001,0,4,0,0
168,17/06,8876.022961,7988.420664900001,9763.625257100002,1,2,0,0
169,18/06,8497.661463,7647.895316700001,9347.4276093,3,3,0,0
170,19/06,9347.427609,8412.6848481,10282.1703699,3,2,0,0
171,20/06,10282.17037,9253.953333,11310.387407,2,3,0,0
172,21/06,9253.953333,8328.5579997,10179.3486663,2,3,0,0
173,22/06,9559.789822,8603.8108398,10515.7688042,1,2,0,0
174,23/06,10515.768804,9464.1919236,11567.345684400001,2,3,0,0
175,24/06,11544.364772,10389.928294800002,12698.801249200002,0,2,0,0
176,25/06,12698.801249,11428.921124100001,13968.6813739,3,1,0,0
177,26/06,13697.96887,12328.171983,15067.765757000001,1,3,0,0
178,27/06,15067.765757,13560.9891813,16574.5423327,1,2,0,0
179,28/06,16131.609148,14518.4482332,17744.770062800002,2,2,0,0
180,29/06,17744.770063,15970.2930567,19519.247069300003,4,1,0,0
181,30/06,15970.293057,14373.2637513,17567.3223627,2,3,0,0
182,01/07,17567.322363,15810.590126699999,19324.0545993,2,1,0,0
183,02/07,19002.136934,17101.923240599997,20902.3506274,3,1,0,0
184,03/07,20740.011267,18666.0101403,22814.012393700003,1,2,0,0
185,04/07,22814.012394,20532.611154600003,25095.413633400003,2,3,0,0
186,05/07,23026.956065,20724.2604585,25329.6516715,2,3,0,0
187,06/07,24026.743165,21624.0688485,26429.4174815,2,3,0,0
188,07/07,21624.068848,19461.6619632,23786.4757328,3,1,0,0
189,08/07,20639.746252,18575.7716268,22703.7208772,0,2,0,0
190,09/07,19666.274455,17699.6470095,21632.9019005,4,0,0,0
191,10/07,20940.417643,18846.3758787,23034.459407300004,2,3,0,0
192,11/07,23034.459408,20731.0134672,25337.9053488,0,3,0,0
193,12/07,25337.905349,22804.1148141,27871.695883900004,3,1,0,0
194,13/07,22804.114814,20523.703332600002,25084.526295400003,3,3,0,0
195,14/07,21361.140793,19225.0267137,23497.2548723,2,2,0,0
196,15/07,19225.026714,17302.524042600002,21147.5293854,2,1,0,0
197,16/07,17302.524043,15572.271638700002,19032.776447300002,3,3,0,0
198,17/07,15572.271638,14015.0444742,17129.4988018,3,1,0,0
199,18/07,15322.222226,13790.0000034,16854.444448600003,3,1,0,0
200,19/07,16707.754334,15036.978900600001,18378.529767400003,0,6,0,0
201,20/07,15455.065676,13909.5591084,17000.572243600003,3,2,0,0
202,21/07,15298.629287,13768.7663583,16828.4922157,1,4,0,0
203,22/07,16828.492216,15145.6429944,18511.3414376,1,2,0,0
204,23/07,18511.341437,16660.207293299998,20362.4755807,1,2,0,0
205,24/07,19230.385016,17307.3465144,21153.4235176,3,3,0,0
206,25/07,21153.423518,19038.0811662,23268.7658698,3,2,0,0
207,26/07,19038.081166,17134.2730494,20941.8892826,1,4,0,0
208,27/07,18627.69821,16764.928389,20490.468031,4,3,0,0
209,28/07,20490.468031,18441.421227900002,22539.514834100002,2,5,0,0
210,29/07,18441.421228,16597.2791052,20285.5633508,4,1,0,0
211,30/07,16597.279105,14937.551194500002,18257.007015500003,2,3,0,0
212,31/07,14937.551195,13443.7960755,16431.3063145,5,0,0,0
213,01/08,13443.796075,12099.416467500001,14788.175682500001,4,1,0,0
214,02/08,12099.416468,10889.4748212,13309.358114800001,0,7,0,0
215,03/08,13309.358114,11978.4223026,14640.293925400001,2,4,0,0
216,04/08,14640.293926,13176.2645334,16104.323318600002,1,4,0,0
217,05/08,13176.264533,11858.6380797,14493.8909863,2,3,0,0
218,06/08,11858.63808,10672.774272,13044.501888000003,1,4,0,0
219,07/08,13044.501888,11740.051699200001,14348.952076800002,2,2,0,0
220,08/08,14348.952077,12914.0568693,15783.847284700001,0,2,0,0
221,09/08,15444.432167,13899.988950300001,16988.875383700004,2,0,0,0
222,10/08,14762.587423,13286.3286807,16238.846165300003,0,4,0,0
223,11/08,16238.846166,14614.961549399999,17862.7307826,1,0,0,0
224,12/08,16271.477779,14644.330001100001,17898.625556900002,3,2,0,0
225,13/08,14644.330001,13179.8970009,16108.763001100002,2,2,0,0
226,14/08,13787.16521,12408.448688999999,15165.881731,2,1,0,0
227,15/08,13572.878845,12215.5909605,14930.1667295,4,2,0,0
228,16/08,14086.725819,12678.053237099999,15495.3984009,1,3,0,0
229,17/08,12678.053237,11410.2479133,13945.8585607,4,0,0,0
230,18/08,11410.247913,10269.223121699999,12551.2727043,1,2,0,0
231,19/08,12517.393147,11265.6538323,13769.132461700003,5,0,0,0
232,20/08,11265.653832,10139.088448800001,12392.2192152,0,4,0,0
233,21/08,12392.219215,11152.997293499999,13631.4411365,5,2,0,0
234,22/08,11152.997294,10037.697564600001,12268.297023400002,1,3,0,0
235,23/08,11177.942202,10060.1479818,12295.736422200001,2,2,0,0
236,24/08,10195.298928,9175.7690352,11214.828820800001,0,3,0,0
237,25/08,9563.812753,8607.4314777,10520.1940283,2,2,0,0
238,26/08,10520.194028,9468.1746252,11572.2134308,2,0,0,0
239,27/08,11259.952964,10133.9576676,12385.9482604,2,1,0,0
240,28/08,10133.957668,9120.561901199999,11147.3534348,1,1,0,0
241,29/08,10390.604569,9351.5441121,11429.6650259,0,2,0,0
242,30/08,10951.082957,9855.9746613,12046.191252700002,2,2,0,0
243,31/08,12046.191253,10841.572127700001,13250.810378300002,1,2,0,0
244,01/09,13250.810378,11925.7293402,14575.8914158,2,2,0,0
245,02/09,12568.363613,11311.5272517,13825.199974300001,4,0,0,0
246,03/09,13605.925759,12245.3331831,14966.518334900002,0,3,0,0
247,04/09,14262.805962,12836.5253658,15689.086558200002,4,1,0,0
248,05/09,15689.086558,14120.177902200001,17257.9952138,2,1,0,0
249,06/09,16147.008993,14532.3080937,17761.7098923,2,3,0,0
250,07/09,14532.308093,13079.0772837,15985.5389023,4,1,0,0
251,08/09,13079.077284,11771.169555600001,14386.985012400002,4,0,0,0
252,09/09,11771.169556,10594.0526004,12948.286511600001,2,2,0,0
253,10/09,12392.220093,11152.9980837,13631.442102300001,2,3,0,0
254,11/09,13631.442102,12268.2978918,14994.586312200003,1,3,0,0
255,12/09,14994.586312,13495.1276808,16494.044943200002,2,3,0,0
256,13/09,16494.044943,14844.640448700002,18143.4494373,2,3,0,0
257,14/09,18143.449438,16329.1044942,19957.794381800002,2,3,0,0
258,15/09,19957.794381,17962.0149429,21953.573819100002,3,2,0,0
259,16/09,21953.573819,19758.2164371,24148.931200900002,3,1,0,0
260,17/09,23837.157728,21453.4419552,26220.8735008,4,2,0,0
261,18/09,21453.441955,19308.0977595,23598.7861505,2,3,0,0
262,19/09,23598.786151,21238.9075359,25958.664766100002,3,3,0,0
263,20/09,25958.664766,23362.7982894,28554.531242600005,2,1,0,0
264,21/09,23362.798289,21026.5184601,25699.0781179,2,1,0,0
265,22/09,21026.51846,18923.866614,23129.170306,1,2,0,0
266,23/09,21872.75222,19685.476998,24060.027442,3,3,0,0
267,24/09,22685.223585,20416.7012265,24953.745943500002,2,2,0,0
268,25/09,22601.003343,20340.9030087,24861.1036773,1,3,0,0
269,26/09,24861.103677,22374.9933093,27347.214044700002,3,2,0,0
270,27/09,22374.99331,20137.493979000003,24612.492641000004,0,4,0,0
271,28/09,24612.492641,22151.2433769,27073.741905100003,2,2,0,0
272,29/09,22151.243377,19936.1190393,24366.3677147,2,2,0,0
273,30/09,20196.451098,18176.8059882,22216.096207800005,6,0,0,0
274,01/10,18176.805988,16359.1253892,19994.4865868,4,1,0,0
275,02/10,16359.125389,14723.2128501,17995.0379279,1,5,0,0
276,03/10,15774.965988,14197.4693892,17352.4625868,4,1,0,0
277,04/10,15389.681512,13850.7133608,16928.6496632,3,2,0,0
278,05/10,13850.713361,12465.6420249,15235.784697100002,3,3,0,0
279,06/10,12465.642025,11219.0778225,13712.2062275,3,3,0,0
280,07/10,11219.077822,10097.1700398,12340.985604200001,2,3,0,0
281,08/10,10097.17004,9087.453036,11106.887044000001,3,2,0,0
282,09/10,9087.453036,8178.707732400001,9996.198339600001,2,4,0,0
283,10/10,8178.707732,7360.8369588,8996.578505200001,4,0,0,0
284,11/10,7404.566089,6664.1094801,8145.022697900001,4,1,0,0
285,12/10,6664.10948,5997.698532,7330.520428000001,3,1,0,0
286,13/10,6114.632371,5503.1691339,6726.0956081,1,3,0,0
287,14/10,6014.385599,5412.9470391,6615.824158900001,3,3,0,0
288,15/10,6615.824159,5954.2417431,7277.4065749,2,4,0,0
289,16/10,7277.406575,6549.6659175,8005.1472325,3,1,0,0
290,17/10,7669.412638,6902.4713742,8436.353901800001,2,4,0,0
291,18/10,8436.353902,7592.718511800001,9279.989292200002,2,2,0,0
292,19/10,8400.158315,7560.142483500001,9240.174146500001,1,4,0,0
293,20/10,7560.142484,6804.1282356,8316.1567324,1,2,0,0
294,21/10,8316.156732,7484.5410587999995,9147.7724052,3,1,0,0
295,22/10,7484.541059,6736.0869531,8232.995164900001,1,2,0,0
296,23/10,8232.995165,7409.6956485,9056.294681500001,2,3,0,0
297,24/10,7409.695648,6668.7260832,8150.6652128000005,2,3,0,0
298,25/10,8150.665213,7335.5986917,8965.731734300001,3,1,0,0
299,26/10,7335.598692,6602.0388228,8069.1585612,1,2,0,0
300,27/10,7168.898629,6452.008766100001,7885.788491900001,2,2,0,0
301,28/10,7885.788492,7097.2096427999995,8674.3673412,5,1,0,0
302,29/10,7097.209643,6387.4886787000005,7806.930607300001,4,2,0,0
303,30/10,6387.488679,5748.7398111,7026.237546900001,3,0,0,0
304,31/10,6218.33756,5596.503804,6840.171316000001,3,3,0,0
305,01/11,5596.503804,5036.8534236000005,6156.1541844,3,1,0,0
306,02/11,5353.064296,4817.757866399999,5888.3707256,1,2,0,0
307,03/11,5888.370726,5299.5336534,6477.2077986,3,2,0,0
308,04/11,5299.533653,4769.580287700001,5829.487018300001,3,2,0,0
309,05/11,5207.814803,4687.0333227,5728.5962833,2,3,0,0
310,06/11,5728.596283,5155.7366547,6301.4559113000005,0,6,0,0
311,07/11,6301.455912,5671.3103208,6931.601503200001,2,2,0,0
312,08/11,6076.951637,5469.2564733,6684.6468007,4,2,0,0
313,09/11,5469.256473,4922.330825700001,6016.182120300001,1,3,0,0
314,10/11,6016.18212,5414.563908,6617.800332000001,3,2,0,0
315,11/11,5414.563908,4873.1075172,5956.020298800001,1,3,0,0
316,12/11,5956.020299,5360.4182691,6551.6223289,1,2,0,0
317,13/11,6017.058769,5415.352892100001,6618.764645900001,3,3,0,0
318,14/11,6618.764646,5956.8881814,7280.6411106000005,3,3,0,0
319,15/11,7280.641111,6552.5769999,8008.7052221,3,3,0,0
320,16/11,8008.705222,7207.8346998,8809.5757442,1,2,0,0
321,17/11,7685.537607,6916.983846300001,8454.0913677,2,3,0,0
322,18/11,8454.091368,7608.6822311999995,9299.5005048,1,3,0,0
323,19/11,7760.189513,6984.170561700001,8536.208464300002,2,2,0,0
324,20/11,7984.327892,7185.8951028,8782.760681200001,2,1,0,0
325,21/11,8379.673286,7541.7059573999995,9217.6406146,1,4,0,0
326,22/11,7593.518607,6834.1667463,8352.8704677,1,4,0,0
327,23/11,8352.870468,7517.583421199999,9188.1575148,3,2,0,0
328,24/11,9188.157514,8269.341762600001,10106.973265400002,4,2,0,0
329,25/11,9133.174416,8219.8569744,10046.4918576,2,3,0,0
330,26/11,10046.491858,9041.8426722,11051.1410438,5,1,0,0
331,27/11,9041.842672,8137.6584048,9946.026939200001,0,3,0,0
332,28/11,9946.026939,8951.4242451,10940.6296329,2,2,0,0
333,29/11,9858.260976,8872.4348784,10844.0870736,3,0,0,0
334,30/11,9800.895647,8820.8060823,10780.985211700001,0,4,0,0
335,01/12,9455.529531,8509.9765779,10401.082484100001,2,3,0,0
336,02/12,10401.082484,9360.9742356,11441.190732400002,3,3,0,0
337,03/12,11441.190732,10297.0716588,12585.3098052,2,2,0,0
338,04/12,10297.071659,9267.3644931,11326.7788249,3,3,0,0
339,05/12,9267.364493,8340.628043699999,10194.1009423,1,3,0,0
340,06/12,8340.628044,7506.5652396,9174.6908484,2,2,0,0
341,07/12,7767.591003,6990.8319027,8544.3501033,5,1,0,0
342,08/12,6990.831902,6291.7487118,7689.915092200001,3,2,0,0
343,09/12,6291.748712,5662.5738408,6920.9235832,2,2,0,0
344,10/12,5662.573841,5096.3164569,6228.831225100001,0,2,0,0
345,11/12,5210.736994,4689.6632946,5731.810693400001,2,0,0,0
346,12/12,4689.663295,4220.6969655,5158.6296245,2,2,0,0
347,13/12,5158.629624,4642.766661600001,5674.492586400001,2,1,0,0
348,14/12,5538.239151,4984.4152359,6092.0630661000005,3,2,0,0
349,15/12,4984.415236,4485.9737124,5482.8567596,2,1,0,0
350,16/12,5482.85676,4934.571084,6031.142436,2,3,0,0
351,17/12,4934.571084,4441.1139756,5428.028192400001,5,2,0,0
352,18/12,4441.113975,3997.0025775000004,4885.225372500001,1,2,0,0
353,19/12,4409.488411,3968.5395699000005,4850.4372521000005,2,1,0,0
354,20/12,4680.515076,4212.4635683999995,5148.5665836,4,3,0,0
355,21/12,5148.566583,4633.7099247,5663.4232413,1,5,0,0
356,22/12,4633.709925,4170.3389325,5097.0809175,2,2,0,0
357,23/12,4469.406076,4022.4654684,4916.346683600001,3,4,0,0
358,24/12,4916.346684,4424.7120156,5407.9813524,3,1,0,0
359,25/12,4869.630415,4382.6673734999995,5356.5934565,2,4,0,0
360,26/12,5356.593456,4820.9341104,5892.2528016,4,0,0,0
361,27/12,5775.417683,5197.8759147,6352.9594513,3,3,0,0
362,28/12,5356.698594,4821.0287346000005,5892.368453400001,3,0,0,0
363,29/12,5532.473229,4979.2259061,6085.720551900001,1,5,0,0
364,30/12,6085.720552,5477.1484967999995,6694.2926072,3,3,0,0
365,31/12,5477.148497,4929.4336473,6024.863346700001,2,2,0,0
