Thang,Trung_binh,Do_lech_chuan,Thap_nhat,Cao_nhat,Bien_do,CV_phan_tram
1,7888.221259092166,1407.0221005237574,4939.833653,11135.890685,6196.057032000001,17.837000944946716
2,6760.14162805102,1197.3619423203227,4111.959249,9583.537092,5471.577843,17.712083684044465
3,4982.121643875576,823.100668357367,3269.641735,7309.12723,4039.485495,16.52108734376625
4,6403.915526738096,1346.6947315405034,4339.357155,10381.140267,6041.783112000001,21.029239469472785
5,6009.398896493088,1785.565828641411,3609.050789,9864.276605,6255.225815999999,29.712885754404084
6,9450.13874172381,3466.5678191747234,4059.711748,19519.24707,15459.535322000002,36.682718782416345
7,19466.13597051613,3373.9960180845474,13443.796075,27871.695883,14427.899808,17.332643844648373
8,12677.35520305069,2007.3741586620556,8607.431477,17898.625556,9291.194078999999,15.834329215442343
9,18659.91055552381,4656.070865066381,10594.0526,28554.531242,17960.478642000002,24.952267864371223
10,9096.358840797235,3336.514800854015,5412.94704,19994.486587,14581.539547,36.67967435376144
11,7342.010263566666,1707.2007862771911,4687.033323,11051.141043,6364.10772,23.252497953439963
12,6215.530242788019,2072.3361340031493,3968.53957,12585.309806,8616.770236,33.34126056916407
