10322.485471,10290.874909,11000.000000,11000.000000,9345.921516,10232.063513,9000.000000
9900.000000,9900.000000,8510.889898,9900.000000,8629.318575,8589.670390,8100.000000
7760.569435,7290.000000,8910.000000,7725.986257,8910.000000,8910.000000,8910.000000
9801.000000,9774.168996,9801.000000,8654.977694,9014.207645,9707.794805,9270.030229
8462.825796,10197.033252,8459.639869,8343.027206,8343.027206,8343.027206,9335.936236
8568.121242,10150.811772,9360.893222,9837.633894,8402.342612,8402.342612,8402.342612
9131.136934,8612.616919,7562.108351,9242.576873,7562.108351,8370.973897,7562.108351
7938.973985,6805.897516,7361.921420,6970.306034,6805.897516,6805.897516,7605.963176
6845.366858,6845.366858,6845.366858,6845.366858,6845.366858,6845.366858,8366.559493
9203.215443,8919.727753,9203.215443,8040.309785,9070.761797,8021.880993,9203.215443
8282.893898,10123.536987,9674.281818,10123.536987,8282.893898,9021.884550,10123.536987
11135.890685,11135.890685,11135.890685,9111.183288,9601.851782,10110.293529,9111.183288
8200.064959,10022.301617,10022.301617,8552.931932,9099.189067,8200.064959,8453.449748
8113.459297,9298.794723,9298.794723,8494.721423,9160.871766,8099.769219,8146.487253
7331.838528,7331.838528,7854.607716,7331.838528,8961.135978,8701.813192,8961.135978
8065.022380,9857.249576,9857.249576,8736.576341,8065.022380,9857.249576,8357.016547
7521.314892,7583.601236,8134.990298,7733.027954,7521.314892,9192.718201,7880.420578
7092.378520,8668.462636,7092.378520,8668.462636,8668.462636,7396.452363,7837.255705
8620.981275,7053.530134,7053.530134,7053.530134,8187.924629,7053.530134,7053.530134
6986.224233,6348.177121,6348.177121,7758.883148,7758.883148,7757.208238,6348.177121
6982.994833,5713.359409,6982.994833,6982.994833,6982.994833,5713.359409,6160.161682
5544.145514,6776.177850,5544.145514,6776.177850,6326.276842,6776.177850,5544.145514
6098.560065,4989.730962,6098.560065,6098.560065,4989.730962,6098.560065,6098.560065
5619.041105,6191.530660,5488.704059,5488.704059,6708.416072,6037.616252,5488.704059
6037.574465,6037.574465,5529.098530,4939.833653,4939.833653,5978.590189,5818.109578
5778.932980,6399.920536,5943.374627,6279.058495,5994.064112,6399.920536,6380.429200
7018.472120,6006.661358,6940.612019,6275.336049,6178.481307,6539.663631,6846.434297
6979.570114,6161.790867,7531.077727,6161.790867,6412.102854,6663.829146,7315.340689
8046.874758,8046.874758,8002.783741,7718.505706,8046.874758,6583.806620,8046.874758
7410.673197,8639.923441,7242.187282,8012.396342,8851.562234,8851.562234,8851.562234
7966.406010,7966.406010,9736.718457,8297.726698,7966.406010,7966.406010,8712.306448
9583.537092,7841.075803,9583.537092,8778.393006,8059.339404,7902.085673,8088.329841
8897.162826,7279.496857,8897.162826,8897.162826,7279.496857,7279.496857,7474.522045
7345.782442,6727.069841,8221.974250,8221.974250,6727.069841,6727.069841,7803.885104
8584.273614,7023.496593,8554.800916,7023.496593,8584.273614,7023.496593,8095.047073
8904.551780,8307.412236,8904.551780,8011.196708,8904.551780,7868.400162,8477.582312
8213.812787,8144.377922,7629.824081,7629.824081,8932.580273,7629.824081,7629.824081
7480.149333,6866.841673,7109.374141,8366.130718,7720.033988,8392.806489,8392.806489
7553.525840,7553.525840,8091.270036,8121.369080,7553.525840,8305.737398,7871.532311
7084.379080,7084.379080,8658.685542,8658.685542,7084.379080,7442.132023,7084.379080
7792.816988,7792.816988,6475.006828,6375.941172,6375.941172,7792.816988,6375.941172
5778.380211,7013.535289,5875.596789,7013.535289,5850.390284,5738.347055,7013.535289
7714.888818,6312.181760,7198.957090,7714.888818,6672.889156,6312.181760,7174.158060
6456.742254,6456.742254,7142.049317,7636.232997,6456.742254,7660.342118,6456.742254
6016.923996,7102.416479,5811.068028,7009.769170,5811.068028,6722.076840,5811.068028
6392.174831,6293.607069,6392.174831,5229.961225,6291.611196,5229.961225,6392.174831
5752.957348,6473.149013,6918.114569,5752.957348,6261.155741,5752.957348,7031.392314
6328.253083,6915.083969,6328.253083,7368.387144,6328.253083,7734.531546,7734.531546
8507.984700,8168.269435,7392.732981,8143.803948,8507.984700,7916.488987,7141.554481
6427.399033,6624.312241,7855.709929,6427.399033,6427.399033,6427.399033,6427.399033
7070.138936,6076.899918,7070.138936,5784.659130,5995.078854,7070.138936,5784.659130
6363.125043,6363.125043,6277.798170,5206.193217,5206.193217,5206.193217,6363.125043
6999.437547,6999.437547,5726.812538,6793.978681,5726.812538,6999.437547,5726.812538
5843.699119,6299.493792,5844.955853,5175.228583,5754.122784,6299.493792,5154.131284
5323.113655,5609.192104,5669.544413,5669.544413,4638.718156,5669.544413,5127.770606
5640.547667,4614.993546,4614.993546,4614.993546,5640.547667,5380.388510,5640.547667
6204.602434,6204.602434,5076.492900,5134.352997,5076.492900,6204.602434,5076.492900
5584.142190,5056.036268,5542.317332,5329.725905,5584.142190,5584.142190,4568.843610
4559.031467,4285.852520,4883.065493,4770.075420,4622.384034,4111.959249,4111.959249
3700.763324,3700.763324,4144.111522,4375.171495,3700.763324,3830.861089,3700.763324
3330.686992,3330.686992,3505.583914,4070.839657,4070.839657,3800.996295,3632.935261
3269.641735,3916.876092,3281.247895,3390.888071,3822.925391,3777.159931,3669.093621
4036.002983,4036.002983,4036.002983,3350.826132,3309.915698,3719.168307,4036.002983
4439.603282,3646.512509,3632.402685,4439.603282,4439.603282,4138.238517,4439.603282
3995.642954,4883.563610,4883.563610,4883.563610,4883.563610,4361.856251,3995.642954
4395.207249,3596.078658,3596.078658,4395.207249,3596.078658,3596.078658,4219.403338
3797.463004,4641.343671,4264.891622,4641.343671,3923.254300,3797.463004,4637.530335
5101.283368,4173.777301,4508.273479,4615.846883,5101.283368,5101.283368,5101.283368
5611.411705,4594.142071,4591.155031,4591.155031,4591.155031,5611.411705,5242.549211
4718.294290,5464.881309,5766.804133,5766.804133,5617.968491,5766.804133,5418.073701
4944.586688,5113.785048,4876.266331,5860.752606,5437.896581,5037.964254,5207.807108
4994.226359,4952.510792,4687.026397,5728.587818,4687.026397,5234.098354,4687.026397
4218.323757,5155.729037,4218.323757,4371.134535,4786.103250,5155.729037,5152.730838
5668.003922,5668.003922,5668.003922,4990.863365,4637.457754,5479.599775,4961.728181
4516.488639,5457.900999,5457.900999,4545.480568,5457.900999,5457.900999,5280.099793
4752.089813,5808.109772,4752.089813,4752.089813,5808.109772,5778.728993,5082.718354
4899.382654,5590.990190,5590.990190,4698.391747,4574.446519,5023.967835,4755.940775
4280.346698,5231.534853,5231.534853,5231.534853,4797.066840,5231.534853,5231.534853
5754.688338,4708.381367,4915.359334,5754.688338,4708.381367,4708.381367,5754.688338
5179.219504,5813.466963,6330.157172,5208.774473,5252.155355,5179.219504,5545.560946
4991.004851,6100.117040,5104.592617,5281.443948,5497.737860,6100.117040,5453.255293
4907.929764,4907.929764,4907.929764,4907.929764,5837.820095,5998.580822,4907.929764
4417.136787,5391.501498,4627.894959,4454.427278,4724.590483,4417.136787,4896.625682
5386.288250,4406.963114,5386.288250,5077.532989,4406.963114,4406.963114,5386.288250
5667.390497,5924.917075,4847.659425,5924.917075,5399.041573,5355.739615,5924.917075
5944.642307,6358.457465,5332.425368,5332.425368,5332.425368,6517.408783,5800.132748
5220.119473,6380.146023,5230.287076,5220.119473,6292.157735,5779.080031,6048.679713
5662.794121,6409.275368,5443.811741,6653.547684,6248.852863,6547.231716,6644.661119
6792.903767,5980.195007,5980.195007,5997.351589,7309.127230,5980.195007,5980.195007
6322.839398,6578.214507,5382.175506,6578.214507,5382.175506,6297.837496,5389.821183
4850.839064,5928.803301,5541.877319,5928.803301,5900.929172,5928.803301,5928.803301
5335.922971,5816.478188,6521.683631,5498.663885,6521.683631,6521.683631,6521.683631
5935.812576,6564.359974,6720.063815,5869.515268,6725.467547,5869.515268,7173.851994
6816.502300,7891.237194,7891.237194,6456.466795,7677.734894,7891.237194,6580.300318
5922.270286,5922.270286,6771.259028,6453.559476,5922.270286,6004.960954,5922.270286
6514.497315,5330.043258,6514.497315,6514.497315,6095.576784,6514.497315,6514.497315
7165.947047,6560.970745,5863.047584,5930.265011,7165.947047,7165.947047,6673.576806
7209.789386,7252.863523,6006.219125,6764.537696,6463.999183,7340.934487,6006.219125
5557.291233,5698.472589,5405.597213,6494.806938,6568.071269,5405.597213,5405.597213
5314.291400,5946.156934,5946.156934,4865.037492,4865.037492,5946.156934,5064.136624
5167.409907,5570.550286,5004.129185,5007.182485,4909.419018,5570.550286,5570.550286
5013.495258,6127.605315,6127.605315,5013.495258,5013.495258,6127.605315,5013.495258
4512.145732,5200.514343,4512.145732,4512.145732,5514.844783,4512.145732,5256.464157
5709.123777,5782.110573,5006.568888,5782.110573,4991.305785,4730.817742,5357.231055
5296.026483,5892.954161,5892.954161,5892.954161,5892.954161,4821.507950,4821.507950
4339.357155,5226.470506,4346.684361,5303.658745,4339.357155,5303.658745,5303.658745
4773.292870,4819.025271,4773.292870,5834.024619,5804.093669,5341.161968,5834.024619
5588.583858,6417.427081,5250.622157,6204.896967,5719.995998,6417.427081,5250.622157
4990.544128,5775.684373,5775.684373,4986.795525,4725.559941,4725.559941,4980.732840
4482.659556,4482.659556,5379.656072,4482.659556,4482.659556,5414.741087,5373.531856
5910.885041,5750.938910,5910.885041,5397.709206,4836.178670,5910.885041,5910.885041
6501.973545,6406.685597,6501.973545,6501.973545,6262.250699,5856.471783,6497.849411
7064.782986,5986.910974,7147.634353,5848.064470,5977.241513,7147.634353,7147.634353
6432.870917,7862.397788,6432.870917,7862.397788,7862.397788,6432.870917,7862.397788
8209.324897,8594.324153,8648.637567,7758.642545,8648.637567,7564.117949,8648.637567
9513.501323,8542.074021,7783.773810,8837.475622,7909.243823,9455.625316,7783.773810
8562.151191,7712.698216,7005.396429,7885.685252,8316.269240,7567.286002,8562.151191
7857.323675,7705.936072,7705.936072,9418.366310,9418.366310,9138.295354,8738.826451
9513.257748,9612.709096,7864.943805,7864.943805,7864.943805,9103.659349,9437.400243
10381.140267,8493.660218,9383.722917,9106.766393,8493.660218,9290.542557,8535.594294
9389.153723,9389.153723,8113.654641,7682.034864,7682.034864,7682.034864,7682.034864
8450.238351,6913.831378,7073.274523,7968.220917,6913.831378,8450.238351,7849.931781
7937.358855,7161.895829,8634.924959,7086.654127,8634.924959,8634.924959,7064.938603
6940.814754,6358.444743,7001.322222,6945.186587,7771.432463,7771.432463,7708.726024
6937.853421,8479.598626,6937.853421,8479.598626,8025.642300,7346.129369,8336.792238
9170.471462,8777.744155,7503.113014,7503.113014,8570.097649,7503.113014,8380.576578
9218.634236,9218.634236,8488.015644,7542.518920,9218.634236,7542.518920,7542.518920
7921.537332,8296.770812,6788.267028,7959.906622,6788.267028,6788.267028,8167.651229
8496.539264,8853.923755,8747.725839,8241.532496,7651.681597,7517.377152,8967.524186
8070.771767,9431.472322,8948.112574,8070.771767,8970.268547,9864.276605,8070.771767
7692.103544,7263.694591,7263.694591,8877.848944,8877.848944,8877.848944,7933.797205
8727.176926,7140.417485,8727.176926,7941.600754,7567.852656,8727.176926,7140.417485
7362.196114,6426.375736,7854.459233,6426.375736,6426.375736,7854.459233,6426.375736
7069.013310,6088.082158,5857.589912,6634.939682,5783.738163,7069.013310,5783.738163
5424.711652,5603.748446,5205.364346,6362.111979,5205.364346,5205.364346,5205.364346
4684.827912,4914.879860,5725.900781,4684.827912,5723.948819,5725.900781,4684.827912
4216.345120,4833.535539,4216.345120,4788.184687,4502.132149,4216.345120,4359.198757
4795.118633,4621.392797,3937.585643,3923.278881,4108.085919,4485.408964,4192.446808
4285.509045,4610.799633,4611.691489,3773.202127,4535.403350,4611.691489,4010.056432
3891.854360,3719.350279,3914.707987,3609.050789,4411.062075,3609.050789,4411.062075
4852.168283,3969.955868,4852.168283,4327.890022,3969.955868,3969.955868,4180.724578
3861.315255,4598.797036,3762.652120,4598.797036,4598.797036,3886.617308,4598.797036
4138.917332,4777.542533,4138.917332,5058.676739,4138.917332,4368.783382,4138.917332
3821.091439,4552.809065,4552.809065,4552.809065,4315.934526,4440.268197,4340.467273
3984.985573,4774.514001,3906.420546,4774.514001,4774.514001,4138.515642,4774.514001
5251.965401,4493.390378,4485.522895,5251.965401,5251.965401,5251.965401,4847.585097
5111.410591,4497.635277,4736.327398,4362.826587,4584.456841,5131.493528,4915.310044
4423.779040,4423.779040,4423.779040,4423.779040,4423.779040,4588.740469,4423.779040
4866.156944,3981.401136,4866.156944,4225.973569,4866.156944,4264.412082,4189.971448
3770.974303,4608.968592,4505.809443,4608.968592,4534.856591,4371.501571,4414.293185
4336.448381,4855.722503,3972.863866,4223.593849,4685.344854,3972.863866,4510.790831
4059.711748,4059.711748,4961.869914,4879.954923,4961.869914,4059.711748,4718.085581
4449.359902,4961.788725,4246.277023,4349.377589,4549.765547,4246.277023,5189.894139
5708.883553,5708.883553,5184.805280,4720.612584,4713.825930,5363.879981,5708.883553
5137.995198,6279.771908,6233.271060,5239.603346,5137.995198,5422.856034,6279.771908
6907.749099,5695.447268,5841.910008,6829.942486,6126.810410,5651.794717,6907.749099
6216.974189,6333.667954,6707.010531,6937.822555,7598.524009,6216.974189,7598.524009
6838.671608,8358.376410,6838.671608,7576.667691,6838.671608,7599.398985,8267.058311
9093.764142,7902.723605,7440.352479,9093.764142,9093.764142,9093.764142,8211.323469
7390.191122,7390.191122,9032.455815,9032.455815,7390.191122,7390.191122,7680.701075
6912.630968,8371.502699,8448.771183,6912.630968,6912.630968,8448.771183,7634.245747
8397.670322,8397.670322,8397.670322,7788.030690,8397.670322,8397.670322,7598.980052
6872.355127,6839.082047,8358.878057,8358.878057,7491.640870,6839.082047,8209.899764
9030.889740,9030.889740,8632.646954,9030.889740,8508.372248,9030.889740,8150.617963
8965.679759,7658.934847,8339.265694,7484.534193,7335.556166,8084.630023,7335.556166
6602.000550,8069.111783,8069.111783,6602.000550,6783.478398,7150.125653,8069.111783
8829.635661,8876.022961,8876.022961,7708.137736,8101.568620,8876.022961,8876.022961
7988.420665,9172.216789,8084.890796,9763.625257,9763.625257,9740.478187,8497.661463
9347.427609,7647.895316,9347.427609,8027.052244,7647.895316,7647.895316,9347.427609
8412.684848,8412.684848,10282.170370,8412.684848,9315.687824,9365.534750,10282.170370
11310.387407,11004.513852,9253.953333,11310.387407,10190.488133,11310.387407,9253.953333
8328.557999,8328.557999,9701.493289,10179.348666,10179.348666,10179.348666,9559.789822
8649.789311,9633.356925,8603.810840,10515.768804,10125.604372,9827.996741,10515.768804
10854.418230,11567.345684,11567.345684,9464.191924,9464.191924,11567.345684,11544.364772
10929.037960,12089.339908,11849.741035,11568.577724,12698.801249,12400.867681,12698.801249
12221.889952,11428.921124,13216.876850,11428.921124,13968.681374,11428.921124,13697.968870
14700.495751,15067.765757,13468.183215,12328.171983,15067.765757,12771.534614,15067.765757
15581.645422,13560.989182,16574.542333,14198.116173,16574.542333,15040.479285,16131.609148
17744.770063,14518.448234,15806.598161,16828.486189,17301.423225,14518.448234,17744.770063
16693.140143,17230.752807,15970.293057,15970.293057,15970.293057,19519.247070,15970.293057
15291.021559,14373.263751,17567.322363,15989.002253,17567.322363,14373.263751,17567.322363
15810.590126,17791.602405,19135.267656,16795.672389,15810.590126,19324.054599,19002.136934
17101.923240,17101.923240,17101.923240,19355.002251,20902.350627,19858.465789,20740.011267
18963.435013,18666.010141,22814.012394,19524.872661,22165.008837,18932.642330,22814.012394
25095.413633,22596.002777,25095.413633,25095.413633,20532.611155,20532.611155,23026.956065
24651.732854,25329.651672,20724.260459,25329.651672,25329.651672,20724.260459,24026.743165
26429.417481,21624.068848,26392.507904,26429.417481,26429.417481,23913.711021,21624.068848
23786.475733,19461.661963,20915.795877,19461.661963,19461.661963,23607.921276,20639.746252
22703.720877,20162.016144,20034.162500,18942.304034,20294.808063,22703.720877,19666.274455
21539.279833,17699.647010,17699.647010,17699.647010,17699.647010,20157.695399,20940.417643
23034.459408,22374.546657,23034.459408,18846.375879,18846.375879,20032.989376,23034.459408
22242.323179,23014.626425,21252.805516,21961.879409,25337.905349,25337.905349,25337.905349
22804.114814,27487.367996,27871.695883,27168.458333,22804.114814,26653.766712,22804.114814
20523.703332,20523.703332,25084.526295,25084.526295,20523.703332,25084.526295,21361.140793
23497.254873,19225.026714,19876.294043,22422.969066,23497.254873,19796.075713,19225.026714
19645.816201,21147.529385,20931.658160,20897.075230,17302.524043,17587.576725,17302.524043
18804.169996,19032.776447,15572.271638,19032.776447,19032.776447,15572.271638,15572.271638
14015.044475,14015.044475,14481.872500,15006.337252,14015.044475,17129.498802,15322.222226
13790.000004,16854.444449,13790.000004,14167.370899,13790.000004,14644.140958,16707.754334
18378.529768,18378.529768,18378.529768,18378.529768,18378.529768,18378.529768,15455.065676
17000.572243,17000.572243,13909.559108,13909.559108,13909.559108,14553.219146,15298.629287
13768.766358,16828.492216,16828.492216,15830.567758,14338.130616,16828.492216,16828.492216
16615.455678,17347.147612,18511.341437,16546.853925,16101.173202,15145.642994,18511.341437
20362.475581,20362.475581,18833.582734,20146.871861,16660.207294,18830.693357,19230.385016
17307.346515,17307.346515,21153.423518,17478.584158,17307.346515,21153.423518,21153.423518
23268.765870,19038.081166,23268.765870,19038.081166,22864.600427,22879.018784,19038.081166
20941.889283,20941.889283,20941.889283,17134.273049,17372.341091,20941.889283,18627.698210
20490.468031,16764.928389,16764.928389,16764.928389,20490.468031,16764.928389,20490.468031
22539.514834,22539.514834,22539.514834,18441.421228,22539.514834,22539.514834,18441.421228
16597.279105,18940.961228,20285.563351,16597.279105,16597.279105,19806.876731,16597.279105
17994.512102,18257.007016,18257.007016,18257.007016,14937.551195,16617.315480,14937.551195
13443.796075,15099.609607,13443.796075,13443.796075,13443.796075,16024.180434,13443.796075
12099.416468,12099.416468,12099.416468,14051.665583,14788.175683,12251.920686,12099.416468
13309.358114,13309.358114,13309.358114,13309.358114,13309.358114,13309.358114,13309.358114
11978.422303,12976.542889,11978.422303,14640.293926,14640.293926,14640.293926,14640.293926
16104.323319,16104.323319,13664.898344,16104.323319,15598.143932,16104.323319,13176.264533
11858.638080,13852.296917,14493.890987,14493.890987,12294.547107,14493.890987,11858.638080
12293.333552,13044.501888,10672.774272,13044.501888,13044.501888,11413.438318,13044.501888
12657.980807,13411.058971,11740.051699,11816.636145,14348.952077,11740.051699,14348.952077
14368.908359,14794.172351,15783.847284,14203.882663,14006.607792,15783.847284,15444.432167
13899.988950,15047.826031,15679.451072,13899.988950,14307.428609,15797.430734,14762.587423
16238.846166,16238.846166,13686.438753,13345.374413,15192.103956,16238.846166,16238.846166
15055.116574,14614.961549,16843.578745,16683.712000,16951.515073,14725.092234,16271.477779
17898.625556,17201.166699,14644.330001,16274.561918,17898.625556,14644.330001,14644.330001
16108.763001,16108.763001,14928.178927,13179.897001,15039.914822,13179.897001,13787.165210
12408.448689,12408.448689,13395.104921,13274.985377,15165.881731,13166.516887,13572.878845
12215.590960,14930.166729,12215.590960,14930.166729,12215.590960,12215.590960,14086.725819
13721.892308,13246.980858,15495.398401,15495.398401,15495.398401,13330.583969,12678.053237
11410.247913,11527.092265,11410.247913,11636.327431,12507.560844,11410.247913,11410.247913
12551.272705,11132.011204,10269.223122,10386.166279,12551.272705,11783.033645,12517.393147
12765.416073,11265.653832,11265.653832,12474.951943,11265.653832,11265.653832,11265.653832
10945.188834,12240.211245,12392.219215,11461.300974,12392.219215,12392.219215,12392.219215
13631.441137,13631.441137,11152.997294,11152.997294,11152.997294,11152.997294,11152.997294
10037.697565,10039.525023,12268.297023,11910.233209,12268.297023,12268.297023,11177.942202
12295.736422,10060.147982,10676.353069,10454.997873,12295.736422,10060.147982,10195.298928
11214.828821,9361.055642,11214.828821,9399.790894,10656.279847,11214.828821,9563.812753
10444.815467,8607.431477,10520.194028,9964.109701,8607.431477,10373.630092,10520.194028
9628.333631,9468.174625,11526.903430,10043.215587,9468.174625,10696.103432,11259.952964
11094.323108,12385.948260,10498.230606,10709.357735,10133.957668,12168.775551,10133.957668
10340.505541,11147.353434,10821.343111,10953.635120,9120.561901,9809.015844,10390.604569
9575.543570,11429.665026,11297.398367,10683.638485,11429.665026,9810.410294,10951.082957
9855.974661,9855.974661,12046.191253,10286.846719,11826.601639,10978.981146,12046.191253
12163.406220,10841.572127,12705.486006,13250.810378,12344.957735,11287.848149,13250.810378
14575.891416,11925.729340,12503.539878,14575.891416,11925.729340,14297.302529,12568.363613
11311.527252,13051.113101,13183.557916,11311.527252,11311.527252,11311.527252,13605.925759
14914.901127,14966.518335,12723.573503,14966.518335,14966.518335,12443.274537,14262.805962
12836.525366,12836.525366,12836.525366,12836.525366,15152.130931,15664.130994,15689.086558
14120.177902,15820.236528,17064.473785,15268.095471,14120.177902,17257.995214,16147.008993
14975.507683,17761.709892,14964.028664,14532.308093,17761.709892,17761.709892,14532.308093
13079.077284,14242.333282,13079.077284,15985.538903,15350.856012,13079.077284,13079.077284
13754.789584,11771.169556,13687.280641,11771.169556,11771.169556,14190.484374,11771.169556
12432.551928,10594.052600,12948.286511,12910.551812,10594.052600,12948.286511,12392.220093
12626.011482,13631.442102,13367.052516,11152.998083,11152.998083,13631.442102,13631.442102
14470.499629,14994.586312,14803.566554,14994.586312,13917.082957,12268.297892,14994.586312
16494.044943,13495.127681,16494.044943,16042.093381,13696.162305,13495.127681,16494.044943
16608.787505,14844.640449,18143.449438,14844.640449,16468.870849,18143.449438,18143.449438
19957.794381,17810.808564,19957.794381,16329.104494,16641.623695,16329.104494,19957.794381
21953.573819,17962.014943,17962.014943,18058.117766,19912.211455,17962.014943,21953.573819
19758.216438,20165.390782,21517.267615,24148.931201,19758.216438,19758.216438,23837.157728
26220.873501,26220.873501,21453.441955,21453.441955,21453.441955,23481.341962,21453.441955
23598.786151,20477.128091,19308.097760,19308.097760,23598.786151,21642.804735,23598.786151
21238.907536,25958.664766,21354.999194,21238.907536,25958.664766,21238.907536,25958.664766
25670.579970,23698.590254,23362.798289,25969.074956,24148.080837,28554.531242,23362.798289
25696.015447,22068.922916,25699.078118,23864.589397,21026.518460,21384.899355,21026.518460
23129.170306,23129.170306,18923.866614,19139.702359,20220.659767,21968.117488,21872.752220
24060.027442,19685.476998,19685.476998,19685.476998,24060.027442,24060.027442,22685.223585
20416.701227,24953.745944,24953.745944,20416.701227,22477.451076,21036.564219,22601.003343
20340.903009,24861.103677,22153.654665,24861.103677,21029.740630,21189.645784,24861.103677
22374.993310,26480.283563,27347.214045,22374.993310,24500.980743,27347.214045,22374.993310
24612.492641,20731.991995,21097.200659,24612.492641,23709.321747,24612.492641,24612.492641
27073.741905,25011.642130,22151.243377,27073.741905,25653.343587,24704.642257,22151.243377
19936.119039,24005.280830,19936.119039,24366.367714,24366.367714,22974.461181,20196.451098
18176.805988,18176.805988,18176.805988,20112.156340,18176.805988,18176.805988,18176.805988
19994.486587,16359.125389,16536.143254,16359.125389,16359.125389,17819.164581,16359.125389
17995.037928,17995.037928,17995.037928,17995.037928,14723.212850,17995.037928,15774.965988
14197.469389,17352.462587,14197.469389,14457.919123,14197.469389,14197.469389,15389.681512
16928.649663,15707.907885,15314.803753,13850.713361,13850.713361,16928.649663,13850.713361
15235.784697,15235.784697,15235.784697,12465.642025,12825.640906,12465.642025,12465.642025
13712.206227,13712.206227,11219.077822,13712.206227,11219.077822,13570.758979,11219.077822
11453.050033,12340.985604,12340.985604,11727.673399,12340.985604,10097.170040,10097.170040
11106.887044,10697.936178,11106.887044,9625.217691,9087.453036,9087.453036,9087.453036
9643.722354,9996.198340,9996.198340,9996.198340,9996.198340,8178.707732,8178.707732
7672.236191,7360.836959,7360.836959,7360.836959,7578.337902,7360.836959,7404.566089
6836.672336,6664.109480,6664.109480,6664.109480,7226.409922,8145.022698,6664.109480
7330.520428,5997.698532,6820.362702,5997.698532,5997.698532,6414.226576,6114.632371
5813.539338,6726.095608,6726.095608,5695.980270,5503.169134,6726.095608,6014.385599
6615.824159,5810.657496,5412.947040,6615.824159,5412.947040,5412.947040,6615.824159
7277.406575,6436.709181,5954.241743,7277.406575,7277.406575,5954.241743,7277.406575
6879.137194,6786.898482,6549.665918,6549.665918,8005.147233,6549.665918,7669.412638
8436.353902,6902.471375,7507.551472,8436.353902,8436.353902,6902.471375,8436.353902
7592.718512,8532.534954,8737.682485,9279.989292,7592.718512,9279.989292,8400.158315
8593.944401,9240.174147,9240.174147,9072.224039,9240.174147,9240.174147,7560.142484
7015.870585,7128.010033,7042.769579,6975.560436,6804.128235,8316.156732,8316.156732
8022.000114,7484.541059,7484.541059,8820.274658,9147.772405,8011.006447,7484.541059
7937.138778,6736.086953,7581.519732,7433.137789,8232.995165,7701.817710,8232.995165
8381.388361,9056.294681,7409.695648,9056.294681,8583.305432,9056.294681,7409.695648
6668.726084,8150.665213,7652.525204,8147.416832,6668.726084,8150.665213,8150.665213
7394.249856,7335.598692,7335.598692,7617.630914,8965.731735,8436.657542,7335.598692
6602.038823,8069.158561,7004.494080,7787.479682,6821.125278,8069.158561,7168.898629
6725.225478,7435.099424,7885.788492,7305.504259,6452.008767,6452.008767,7885.788492
7097.209643,7097.209643,8541.721094,7097.209643,8674.367342,7097.209643,7097.209643
7806.930607,7492.003387,6387.488679,6387.488679,7806.930607,6387.488679,6387.488679
5765.679754,5748.739811,6989.376998,5748.739811,5748.739811,6828.979164,6218.337560
6840.171316,5596.503804,6654.222557,6840.171316,5596.503804,6840.171316,5596.503804
5036.853424,5036.853424,5036.853424,6156.154184,5801.526451,5127.099147,5353.064296
5099.048282,5543.145154,5190.303022,4817.757867,4946.009051,5888.370726,5888.370726
6477.207798,5299.533653,5684.018966,5299.533653,5626.153301,6477.207798,5299.533653
4769.580288,4769.580288,4769.580288,5829.487019,5379.399746,5829.487019,5207.814803
5728.596283,5728.596283,4789.969852,5655.859548,4687.033323,4687.033323,5728.596283
6301.455912,6301.455912,6301.455912,6301.455912,5662.241770,6301.455912,6301.455912
5671.310320,5671.310320,6105.958869,6576.412642,6931.601503,6931.601503,6076.951637
6684.646800,5469.256473,6684.646800,5469.256473,5469.256473,5750.687145,5469.256473
4922.330826,5650.940005,5504.631053,6016.182120,6016.182120,5556.437932,6016.182120
5414.563908,6617.800332,6065.643636,6617.800332,5873.607603,5414.563908,5414.563908
4873.107517,5072.948943,5956.020299,5324.410321,5956.020299,5479.279865,5956.020299
6551.622329,6060.147433,5360.418269,6533.518179,6321.181602,6551.622329,6017.058769
5415.352892,5415.352892,6618.764646,6618.764646,6447.462155,5415.352892,6618.764646
7280.641111,5956.888182,7280.641111,5956.888182,5956.888182,6741.882994,7280.641111
6552.577000,6552.577000,8008.705222,8008.705222,6552.577000,7550.042341,8008.705222
8269.824585,8809.575744,8129.257973,7207.834700,7357.656598,8809.575744,7685.537607
8454.091368,8454.091368,6916.983847,8035.019977,7214.718375,6916.983847,8454.091368
9299.500505,9299.500505,7800.471603,8451.617978,9299.500505,7608.682231,7760.189513
7248.240327,6984.170562,8536.208464,6984.170562,7843.538939,8536.208464,7984.327892
7185.895102,8782.760681,7433.693810,7185.895102,7336.333305,7963.746447,8379.673286
9217.640614,7541.705957,9217.640614,9217.640614,9217.640614,8522.850393,7593.518607
7043.439765,8352.870468,6834.166746,8352.870468,7505.106226,8352.870468,8352.870468
7820.114764,7517.583421,7517.583421,9188.157514,8852.804081,7517.583421,9188.157514
8269.341763,8269.341763,10106.973266,8269.341763,8269.341763,10106.973266,9133.174416
8219.856974,9925.937543,8219.856974,9223.644116,10046.491858,10046.491858,10046.491858
9041.842672,9041.842672,9939.283173,9041.842672,11051.141043,9041.842672,9041.842672
9946.026939,9280.922470,9189.992382,8511.656626,9946.026939,9641.471882,9946.026939
10940.629633,8951.424245,10578.234542,10069.614173,10940.629633,8951.424245,9858.260976
10156.908843,8872.434879,8872.434879,9756.565611,10415.671146,8872.434879,9800.895647
10780.985212,9733.097960,10780.985212,10780.985212,9681.293779,10780.985212,9455.529531
10113.579230,10401.082484,10401.082484,8509.976578,8509.976578,9083.956072,10401.082484
10787.241640,9360.974236,9360.974236,9360.974236,11441.190732,11441.190732,11441.190732
12585.309806,11157.536885,10297.071659,11575.413473,12585.309806,12470.540577,10297.071659
11326.778825,10886.568097,11326.778825,11326.778825,9267.364493,9267.364493,9267.364493
9262.302752,8347.241809,10194.100942,10194.100942,9265.132641,10194.100942,8340.628044
8755.981319,9174.690848,9174.690848,7506.565239,7914.545450,7506.565239,7767.591003
6990.831902,6990.831902,8544.350103,6990.831902,6990.831902,8372.210411,6990.831902
6291.748712,7689.915093,7689.915093,6532.907045,6810.684541,6291.748712,6291.748712
5662.573841,6920.923583,6010.289909,6020.819060,6920.923583,6469.025677,5662.573841
6228.831225,6228.831225,5427.302819,5200.274559,5362.741839,5975.102505,5210.736994
4689.663295,4878.896797,5231.666313,5023.362664,4797.893534,5445.294414,4689.663295
4220.696965,4262.684378,4220.696965,4951.434333,5158.629624,4676.330107,5158.629624
5385.356039,4642.766662,5674.492587,4979.063409,4642.766662,5279.342797,5538.239151
4984.415236,6092.063066,6092.063066,5774.854005,4984.415236,5650.337624,4984.415236
4485.973712,4962.541407,4485.973712,5388.588913,5418.382412,5213.502211,5482.856760
6031.142436,6031.142436,5459.596613,5551.469810,4934.571084,6031.142436,4934.571084
4441.113975,5428.028192,5428.028192,4441.113975,4441.113975,4441.113975,4441.113975
4123.906462,4199.315315,4885.225373,4349.790107,4885.225373,3997.002578,4409.488411
4382.186176,3968.539570,4850.437252,4640.039865,3968.539570,3974.339514,4680.515076
5148.566583,4212.463568,4212.463568,4212.463568,5148.566583,4212.463568,5148.566583
5663.423241,5663.423241,5663.423241,5663.423241,5663.423241,4916.515641,4633.709925
4844.239705,4170.338932,4764.453671,5097.080917,5097.080917,4170.338932,4469.406076
4022.465469,4022.465469,4916.346684,4916.346684,4022.465469,4916.346684,4916.346684
4424.712016,4429.229431,4424.712016,4503.811605,4424.712016,5407.981352,4869.630415
5356.593456,4382.667373,5356.593456,4382.667373,5356.593456,5128.391661,5356.593456
5857.384885,4820.934110,4820.934110,4820.934110,4820.934110,5872.562857,5775.417683
5197.875915,6352.959451,5197.875915,6352.959451,6352.959451,5197.875915,5356.698594
4821.028735,5827.203380,4821.028735,4821.028735,5418.637210,5603.480101,5532.473229
6085.720552,6085.720552,5532.884058,6085.720552,6085.720552,4979.225906,6085.720552
6694.292608,5477.148497,6694.292608,5521.009783,6694.292608,5477.148497,5477.148497
4929.433647,5457.805481,6024.863347,4994.477838,4929.433647,5958.379716,6024.863347
